{
  "po": {
    "afzondering (deur op slot)": {
      "shape": 0.7586379967856054,
      "loc": 0,
      "scale": 7.715324082945616
    },
    "client afgeleid": {
      "shape": 0.685726278676268,
      "loc": 0,
      "scale": 13.10239424108602
    },
    "client toegesproken/gesprek met client": {
      "shape": 0.6392546056823849,
      "loc": 0,
      "scale": 15.993513120716901
    },
    "contact beeindigd/weggegaan": {
      "shape": 0.6290141834939447,
      "loc": 0,
      "scale": 15.295689591965814
    },
    "geen": {
      "shape": 0.5147350212865631,
      "loc": 0,
      "scale": 17.829128637321126
    },
    "met kracht tegen- of vastgehouden": {
      "shape": 0.7159481422157317,
      "loc": 0,
      "scale": 12.993198524581771
    },
    "naar andere kamer/ruimte gestuurd": {
      "shape": 0.6371040758951377,
      "loc": 0,
      "scale": 14.124836041026711
    },
    "preventieve maatregelen gestart": {
      "shape": 0.6778555768845076,
      "loc": 0,
      "scale": 20.132456723942024
    }
  },
  "pp": {
    "afzondering (deur op slot)": {
      "shape": 0.64431202858597,
      "loc": 0,
      "scale": 8.572918336218692
    },
    "client afgeleid": {
      "shape": 0.632636304498565,
      "loc": 0,
      "scale": 10.394981552289664
    },
    "client toegesproken/gesprek met client": {
      "shape": 0.6157738683458098,
      "loc": 0,
      "scale": 13.110306303934415
    },
    "contact beeindigd/weggegaan": {
      "shape": 0.6283070427110891,
      "loc": 0,
      "scale": 12.467118951082877
    },
    "geen": {
      "shape": 0.6585142919253892,
      "loc": 0,
      "scale": 9.792688906113849
    },
    "met kracht tegen- of vastgehouden": {
      "shape": 0.6415058308148389,
      "loc": 0,
      "scale": 9.75417397160161
    },
    "naar andere kamer/ruimte gestuurd": {
      "shape": 0.6265592650329059,
      "loc": 0,
      "scale": 14.097477691641465
    },
    "preventieve maatregelen gestart": {
      "shape": 0.6420028586625746,
      "loc": 0,
      "scale": 11.864099054560093
    }
  },
  "sib": {
    "afzondering (deur op slot)": {
      "shape": 0.6212335042285402,
      "loc": 0,
      "scale": 10.206890679890972
    },
    "client afgeleid": {
      "shape": 0.6627667510945202,
      "loc": 0,
      "scale": 11.190817537834535
    },
    "client toegesproken/gesprek met client": {
      "shape": 0.6464794809894102,
      "loc": 0,
      "scale": 12.086047566996985
    },
    "contact beeindigd/weggegaan": {
      "shape": 0.6259382764443719,
      "loc": 0,
      "scale": 15.51044880750916
    },
    "geen": {
      "shape": 0.6158499679446596,
      "loc": 0,
      "scale": 14.406078208713472
    },
    "met kracht tegen- of vastgehouden": {
      "shape": 0.719918388036613,
      "loc": 0,
      "scale": 7.352230920686184
    },
    "naar andere kamer/ruimte gestuurd": {
      "shape": 0.6458470431457985,
      "loc": 0,
      "scale": 14.319949633674273
    },
    "preventieve maatregelen gestart": {
      "shape": 0.7678747213486858,
      "loc": 0,
      "scale": 16.888408006310872
    }
  },
  "va": {
    "afzondering (deur op slot)": {
      "shape": 0.6460941739033592,
      "loc": 0,
      "scale": 10.403988785715804
    },
    "client afgeleid": {
      "shape": 0.6468211444495496,
      "loc": 0,
      "scale": 14.908468020501044
    },
    "client toegesproken/gesprek met client": {
      "shape": 0.6468635612519581,
      "loc": 0,
      "scale": 20.75158494985412
    },
    "contact beeindigd/weggegaan": {
      "shape": 0.6420557761409726,
      "loc": 0,
      "scale": 20.875383426949366
    },
    "geen": {
      "shape": 0.6898964659537302,
      "loc": 0,
      "scale": 14.443353058212416
    },
    "met kracht tegen- of vastgehouden": {
      "shape": 0.6435453279091379,
      "loc": 0,
      "scale": 19.444805840012066
    },
    "naar andere kamer/ruimte gestuurd": {
      "shape": 0.6737235540881815,
      "loc": 0,
      "scale": 19.19265249580104
    },
    "preventieve maatregelen gestart": {
      "shape": 0.7228636669070039,
      "loc": 0,
      "scale": 51.80700305732674
    }
  }
}